{
  "project_info": {
    "project_number": "493438208158",
    "firebase_url": "https://wallpaperhub-72ecf.firebaseio.com",
    "project_id": "wallpaperhub-72ecf",
    "storage_bucket": "wallpaperhub-72ecf.appspot.com"
  },
  "client": [
    {
      "client_info": {
        "mobilesdk_app_id": "1:493438208158:android:ec7a278385e773722fd38f",
        "android_client_info": {
          "package_name": "com.wallpaperhub.akaks09developers.wallpaperhub"
        }
      },
      "oauth_client": [
        {
          "client_id": "493438208158-q6h91kne48i8uu31otmvpmbslkk2s7pj.apps.googleusercontent.com",
          "client_type": 3
        }
      ],
      "api_key": [
        {
          "current_key": "AIzaSyAoHHJ-D-TTvPgcdE820sC7eR5svvAbTTs"
        }
      ],
      "services": {
        "appinvite_service": {
          "other_platform_oauth_client": [
            {
              "client_id": "493438208158-q6h91kne48i8uu31otmvpmbslkk2s7pj.apps.googleusercontent.com",
              "client_type": 3
            }
          ]
        }
      }
    }
  ],
  "configuration_version": "1"
}